{"lat_min": 38.8267377503939, "lat_max": 43.064740999952825, "lon_min": 0.0054931640625, "lon_max": 5.6195068359375}